Population	Trajectory	Chromosome	Position	Class	Mutation	0	1	2
StaphAureus_fmk_26	1	1	196201	SNP	1_196201_['M48I']	0.07936507936507936	0.1176470588235294	1.0
StaphAureus_fmk_26	2	1	256089	SNP	1_256089_.	0.7777777777777778	0.7424242424242424	0.0
StaphAureus_fmk_26	3	1	301349	SNP	1_301349_.	0.07936507936507936	0.1176470588235294	1.0
StaphAureus_fmk_26	4	1	303154	SNP	1_303154_['K157E']	0.2222222222222222	0.2575757575757576	1.0
StaphAureus_fmk_26	5	1	485606	SNP	1_485606_nan	0.06451612903225806	0.1176470588235294	1.0
StaphAureus_fmk_26	6	2	178267	SNP	2_178267_['G591S']	0.2222222222222222	0.2575757575757576	1.0
StaphAureus_fmk_26	7	2	326545	SNP	2_326545_nan	0.0	0.0	0.7368421052631579
StaphAureus_fmk_26	8	2	337639	SNP	2_337639_nan	0.7903225806451613	0.7424242424242424	0.0
StaphAureus_fmk_26	9	2	345610	SNP	2_345610_nan	0.2222222222222222	0.2575757575757576	1.0
StaphAureus_fmk_26	10	3	24768	SNP	3_24768_nan	0.6031746031746031	0.4626865671641791	0.0
StaphAureus_fmk_26	11	3	68375	SNP	3_68375_['W146C']	0.2258064516129032	0.2575757575757576	1.0
StaphAureus_fmk_26	12	3	124522	SNP	3_124522_['A104T']	0.2222222222222222	0.2575757575757576	1.0
StaphAureus_fmk_26	13	3	206931	SNP	3_206931_['A370V']	0.07936507936507936	0.1176470588235294	1.0
StaphAureus_fmk_26	14	3	248921	SNP	3_248921_nan	0.0	0.0	1.0
StaphAureus_fmk_26	15	4	10279	SNP	4_10279_['K108R']	0.2222222222222222	0.26865671641791045	1.0
StaphAureus_fmk_26	16	5	29373	SNP	5_29373_.	0.6031746031746031	0.4626865671641791	0.0
StaphAureus_fmk_26	17	5	132263	SNP	5_132263_['G9A']	0.0	0.0	1.0
StaphAureus_fmk_26	18	5	156586	SNP	5_156586_.	0.2222222222222222	0.2575757575757576	1.0
StaphAureus_fmk_26	19	5	181596	SNP	5_181596_['S27G']	0.0	0.0	0.4
StaphAureus_fmk_26	20	5	219512	SNP	5_219512_.	0.7741935483870968	0.7313432835820896	0.0
StaphAureus_fmk_26	21	5	226291	SNP	5_226291_['V21I']	0.2222222222222222	0.2575757575757576	1.0
StaphAureus_fmk_26	22	6	140463	SNP	6_140463_['N567Y']	0.7741935483870968	0.7313432835820896	0.0
StaphAureus_fmk_26	23	9	59844	SNP	9_59844_['I43K']	0.0	0.0	0.7368421052631579
StaphAureus_fmk_26	24	13	28863	SNP	13_28863_['I139M']	0.0	0.0	1.0
StaphAureus_fmk_26	25	13	38639	SNP	13_38639_['G151D']	0.0	0.0	1.0
StaphAureus_fmk_26	26	20	7559	SNP	20_7559_['G125E']	0.0	0.0	0.7368421052631579
