Population	Trajectory	Chromosome	Position	Class	Mutation	0	1	2	7	14
StaphAureus_fmk_9	1	1	17020	SNP	1_17020_['N595S']	0.0	0.0	0.0	0.0	1.0
StaphAureus_fmk_9	2	1	331298	SNP	1_331298_['P538L']	0.0	0.0	0.0	0.0	0.8125
StaphAureus_fmk_9	3	1	503102	SNP	1_503102_nan	0.0	0.0	0.0	0.0	1.0
StaphAureus_fmk_9	4	1	630193	SNP	1_630193_['A280T']	0.0	0.0	0.0	0.0	0.8181818181818182
StaphAureus_fmk_9	5	1	702149	SNP	1_702149_['A268V']	0.0	0.0	0.0	0.3478260869565217	1.0
StaphAureus_fmk_9	6	2	285767	SNP	2_285767_['G278D']	0.0	0.0	0.0	0.0	1.0
StaphAureus_fmk_9	7	3	203501	SNP	3_203501_['A371T']	0.0	0.0	0.0	0.0	0.4516129032258064
StaphAureus_fmk_9	8	4	68981	SNP	4_68981_['Q17*']	0.0	0.0	0.0	0.0	0.8125
StaphAureus_fmk_9	9	5	56082	SNP	5_56082_nan	0.0	0.0	0.0	0.3488372093023256	1.0
StaphAureus_fmk_9	10	7	103306	SNP	7_103306_.	0.0	0.0	0.0	0.5116279069767442	0.0
StaphAureus_fmk_9	11	8	100016	SNP	8_100016_['H21R']	0.0	0.0	0.0	0.5227272727272727	0.0
