Population	Trajectory	Chromosome	Position	Class	Mutation	0	1	2	3	12
StaphAureus_fmk_16	1	1	24451	SNP	1_24451_['P117L']	0.0	0.0	0.0	0.0	1.0
StaphAureus_fmk_16	2	1	25512	SNP	1_25512_['D471N']	0.0	0.0	0.0	0.0	1.0
StaphAureus_fmk_16	3	1	34355	SNP	1_34355_['L461S']	0.0	0.5625	0.022727272727272728	0.10714285714285714	0.0
StaphAureus_fmk_16	4	2	143089	SNP	2_143089_nan	0.4117647058823529	0.0	0.3888888888888889	0.55	1.0
StaphAureus_fmk_16	5	3	87438	SNP	3_87438_nan	0.0	0.5185185185185185	0.022727272727272728	0.12	0.0
StaphAureus_fmk_16	6	4	74782	SNP	4_74782_['M361I']	0.0	0.5517241379310345	0.02325581395348837	0.1153846153846154	0.0
StaphAureus_fmk_16	7	5	78240	SNP	5_78240_['I179V']	0.0	0.0	0.35	0.5416666666666666	1.0
StaphAureus_fmk_16	8	8	45600	SNP	8_45600_nan	0.0	0.0	0.0	0.0	1.0
StaphAureus_fmk_16	9	10	43240	SNP	10_43240_['A159S']	0.0	0.5666666666666667	0.022727272727272728	0.10714285714285714	0.0
StaphAureus_fmk_16	10	11	34097	SNP	11_34097_['A128T']	0.0	0.5357142857142857	0.02325581395348837	0.14814814814814814	0.0
StaphAureus_fmk_16	11	14	7156	SNP	14_7156_['S75P']	0.0	0.0	0.0	0.0	1.0
StaphAureus_fmk_16	12	14	23242	SNP	14_23242_['H13D']	1.0	0.4444444444444444	0.9722222222222222	0.8333333333333334	1.0
StaphAureus_fmk_16	13	15	40395	SNP	15_40395_['A1126T']	0.0	0.4827586206896552	0.02325581395348837	0.1111111111111111	0.0
StaphAureus_fmk_16	14	15	50879	SNP	15_50879_['*211K']	0.4722222222222222	0.17857142857142858	0.5405405405405406	0.52	1.0
StaphAureus_fmk_16	15	17	53375	SNP	17_53375_['K74Q']	0.0	0.5384615384615384	0.022727272727272728	0.1153846153846154	0.0
StaphAureus_fmk_16	16	18	45544	SNP	18_45544_.	0.0	0.5483870967741935	0.022727272727272728	0.1153846153846154	0.0
StaphAureus_fmk_16	17	19	18270	SNP	19_18270_['S228C']	0.42857142857142855	0.0	0.4146341463414634	0.5217391304347826	1.0
