Population	Trajectory	Chromosome	Position	Class	Mutation	0	1	3	4	11
StaphAureus_fmk_12	1	1	195514	SNP	1_195514_['Q124K']	0.0	0.02083333333333333	0.017857142857142856	0.625	0.0
StaphAureus_fmk_12	2	1	252467	SNP	1_252467_nan	0.0	0.0	0.0	0.0	1.0
StaphAureus_fmk_12	3	1	753701	SNP	1_753701_.	0.0	0.0	0.6730769230769231	0.3333333333333333	1.0
StaphAureus_fmk_12	4	2	288149	SNP	2_288149_nan	0.2727272727272727	0.8333333333333334	0.9666666666666668	0.3333333333333333	1.0
StaphAureus_fmk_12	5	2	295952	SNP	2_295952_['R272L']	0.0	0.0	0.0	0.4444444444444444	0.0
StaphAureus_fmk_12	6	2	335313	SNP	2_335313_['E199*']	0.0	0.0	0.7090909090909091	0.3333333333333333	1.0
StaphAureus_fmk_12	7	2	611091	SNP	2_611091_['M113K']	0.25	0.10869565217391304	0.01694915254237288	0.625	0.0
StaphAureus_fmk_12	8	2	615140	SNP	2_615140_.	0.0	0.0	0.7111111111111111	0.3333333333333333	1.0
StaphAureus_fmk_12	9	3	3078	SNP	3_3078_['S21R']	0.0	0.0	0.0	0.4444444444444444	0.0
StaphAureus_fmk_12	10	3	136695	SNP	3_136695_.	0.0	0.02127659574468085	0.018867924528301886	0.625	0.0
StaphAureus_fmk_12	11	4	184344	SNP	4_184344_['A151T']	0.0	0.0	0.03773584905660377	0.1111111111111111	1.0
StaphAureus_fmk_12	12	4	202939	SNP	4_202939_['L64F']	0.0	0.0	0.0	0.0	1.0
StaphAureus_fmk_12	13	4	255083	SNP	4_255083_nan	0.0	0.0	0.0	0.0	1.0
StaphAureus_fmk_12	14	5	109055	SNP	5_109055_['A280V']	0.0	0.0	0.0	0.0	1.0
StaphAureus_fmk_12	15	71	490	SNP	71_490_nan	0.0	0.02083333333333333	0.016393442622950817	0.6666666666666666	0.0
