Population	Trajectory	Chromosome	Position	Class	Mutation	0	2	3	13
StaphAureus_fmk_15	2	4	60690	SNP	4_60690_nan	0.0	0.0	0.0	1.0
StaphAureus_fmk_15	5	13	39912	SNP	13_39912_['S1854Y']	0.5833333333333334	0.22448979591836732	0.3125	0.0
